USE [CS6232-G1]
GO
SET IDENTITY_INSERT [dbo].[type] ON 

INSERT [dbo].[type] ([typeId], [typeName], [answerRange]) VALUES (1, N'Type-1', 5)
INSERT [dbo].[type] ([typeId], [typeName], [answerRange]) VALUES (2, N'Type-2', 10)
SET IDENTITY_INSERT [dbo].[type] OFF
SET IDENTITY_INSERT [dbo].[category] ON 

INSERT [dbo].[category] ([categoryId], [typeId], [categoryNo], [categoryName], [Description]) VALUES (1, 1, 1, N'T1 Category 1', N'Category #1 for Type 1 Eval')
INSERT [dbo].[category] ([categoryId], [typeId], [categoryNo], [categoryName], [Description]) VALUES (2, 1, 2, N'T1 Category 2', N'Category #2 for Type 1 Eval')
INSERT [dbo].[category] ([categoryId], [typeId], [categoryNo], [categoryName], [Description]) VALUES (3, 1, 3, N'T1 Category 3', N'Category #3 for Type 1 Eval')
INSERT [dbo].[category] ([categoryId], [typeId], [categoryNo], [categoryName], [Description]) VALUES (4, 1, 4, N'T1 Category 4', N'Category #4 for Type 1 Eval')
INSERT [dbo].[category] ([categoryId], [typeId], [categoryNo], [categoryName], [Description]) VALUES (5, 1, 5, N'T1 Category 5', N'Category #5 for Type 1 Eval')
INSERT [dbo].[category] ([categoryId], [typeId], [categoryNo], [categoryName], [Description]) VALUES (6, 2, 1, N'T2 Category 1', N'Category #1 for Type 2 Eval')
INSERT [dbo].[category] ([categoryId], [typeId], [categoryNo], [categoryName], [Description]) VALUES (7, 2, 2, N'T2 Category 2', N'Category #2 for Type 2 Eval')
INSERT [dbo].[category] ([categoryId], [typeId], [categoryNo], [categoryName], [Description]) VALUES (8, 2, 3, N'T2 Category 3', N'Category #3 for Type 2 Eval')
INSERT [dbo].[category] ([categoryId], [typeId], [categoryNo], [categoryName], [Description]) VALUES (9, 2, 4, N'T2 Category 4', N'Category #4 for Type 2 Eval')
INSERT [dbo].[category] ([categoryId], [typeId], [categoryNo], [categoryName], [Description]) VALUES (10, 2, 5, N'T2 Category 5', N'Category #5 for Type 2 Eval')
INSERT [dbo].[category] ([categoryId], [typeId], [categoryNo], [categoryName], [Description]) VALUES (11, 2, 6, N'T2 Category 6', N'Category #6 for Type 2 Eval')
INSERT [dbo].[category] ([categoryId], [typeId], [categoryNo], [categoryName], [Description]) VALUES (12, 2, 7, N'T2 Category 7', N'Category #7 for Type 2 Eval')
SET IDENTITY_INSERT [dbo].[category] OFF
SET IDENTITY_INSERT [dbo].[question] ON 

INSERT [dbo].[question] ([questionId], [typeId], [questionNo], [categoryId], [question]) VALUES (1, 1, 1, 1, N'What is your answer to T1C1Q1?')
INSERT [dbo].[question] ([questionId], [typeId], [questionNo], [categoryId], [question]) VALUES (2, 1, 2, 1, N'What is your answer to T1C1Q2?')
INSERT [dbo].[question] ([questionId], [typeId], [questionNo], [categoryId], [question]) VALUES (3, 1, 3, 1, N'What is your answer to T1C1Q3?')
INSERT [dbo].[question] ([questionId], [typeId], [questionNo], [categoryId], [question]) VALUES (4, 1, 4, 2, N'What is your answer to T1C2Q4?')
INSERT [dbo].[question] ([questionId], [typeId], [questionNo], [categoryId], [question]) VALUES (5, 1, 5, 2, N'What is your answer to T1C2Q5?')
INSERT [dbo].[question] ([questionId], [typeId], [questionNo], [categoryId], [question]) VALUES (6, 1, 6, 2, N'What is your answer to T1C2Q6?')
INSERT [dbo].[question] ([questionId], [typeId], [questionNo], [categoryId], [question]) VALUES (7, 1, 7, 3, N'What is your answer to T1C3Q7?')
INSERT [dbo].[question] ([questionId], [typeId], [questionNo], [categoryId], [question]) VALUES (8, 1, 8, 3, N'What is your answer to T1C3Q8?')
INSERT [dbo].[question] ([questionId], [typeId], [questionNo], [categoryId], [question]) VALUES (9, 1, 9, 3, N'What is your answer to T1C3Q9?')
INSERT [dbo].[question] ([questionId], [typeId], [questionNo], [categoryId], [question]) VALUES (10, 1, 10, 4, N'What is your answer to T1C4Q10?')
INSERT [dbo].[question] ([questionId], [typeId], [questionNo], [categoryId], [question]) VALUES (11, 1, 11, 4, N'What is your answer to T1C4Q11?')
INSERT [dbo].[question] ([questionId], [typeId], [questionNo], [categoryId], [question]) VALUES (12, 1, 12, 4, N'What is your answer to T1C4Q12?')
INSERT [dbo].[question] ([questionId], [typeId], [questionNo], [categoryId], [question]) VALUES (13, 1, 13, 5, N'What is your answer to T1C5Q13?')
INSERT [dbo].[question] ([questionId], [typeId], [questionNo], [categoryId], [question]) VALUES (14, 1, 14, 5, N'What is your answer to T1C5Q14?')
INSERT [dbo].[question] ([questionId], [typeId], [questionNo], [categoryId], [question]) VALUES (15, 1, 15, 5, N'What is your answer to T1C5Q15?')
INSERT [dbo].[question] ([questionId], [typeId], [questionNo], [categoryId], [question]) VALUES (16, 2, 1, 6, N'What is your answer to T2C1Q1?')
INSERT [dbo].[question] ([questionId], [typeId], [questionNo], [categoryId], [question]) VALUES (17, 2, 2, 6, N'What is your answer to T2C1Q2?')
INSERT [dbo].[question] ([questionId], [typeId], [questionNo], [categoryId], [question]) VALUES (18, 2, 3, 6, N'What is your answer to T2C1Q3?')
INSERT [dbo].[question] ([questionId], [typeId], [questionNo], [categoryId], [question]) VALUES (19, 2, 4, 6, N'What is your answer to T2C1Q4?')
INSERT [dbo].[question] ([questionId], [typeId], [questionNo], [categoryId], [question]) VALUES (20, 2, 5, 7, N'What is your answer to T2C2Q5?')
INSERT [dbo].[question] ([questionId], [typeId], [questionNo], [categoryId], [question]) VALUES (21, 2, 6, 7, N'What is your answer to T2C2Q6?')
INSERT [dbo].[question] ([questionId], [typeId], [questionNo], [categoryId], [question]) VALUES (22, 2, 7, 7, N'What is your answer to T2C2Q7?')
INSERT [dbo].[question] ([questionId], [typeId], [questionNo], [categoryId], [question]) VALUES (23, 2, 8, 7, N'What is your answer to T2C2Q8?')
INSERT [dbo].[question] ([questionId], [typeId], [questionNo], [categoryId], [question]) VALUES (24, 2, 9, 8, N'What is your answer to T2C3Q9?')
INSERT [dbo].[question] ([questionId], [typeId], [questionNo], [categoryId], [question]) VALUES (25, 2, 10, 8, N'What is your answer to T2C3Q10?')
INSERT [dbo].[question] ([questionId], [typeId], [questionNo], [categoryId], [question]) VALUES (26, 2, 11, 8, N'What is your answer to T2C3Q11?')
INSERT [dbo].[question] ([questionId], [typeId], [questionNo], [categoryId], [question]) VALUES (27, 2, 12, 8, N'What is your answer to T2C3Q12?')
INSERT [dbo].[question] ([questionId], [typeId], [questionNo], [categoryId], [question]) VALUES (28, 2, 13, 9, N'What is your answer to T2C4Q13?')
INSERT [dbo].[question] ([questionId], [typeId], [questionNo], [categoryId], [question]) VALUES (29, 2, 14, 9, N'What is your answer to T2C4Q14?')
INSERT [dbo].[question] ([questionId], [typeId], [questionNo], [categoryId], [question]) VALUES (30, 2, 15, 9, N'What is your answer to T2C4Q15?')
INSERT [dbo].[question] ([questionId], [typeId], [questionNo], [categoryId], [question]) VALUES (31, 2, 16, 9, N'What is your answer to T2C4Q16?')
INSERT [dbo].[question] ([questionId], [typeId], [questionNo], [categoryId], [question]) VALUES (32, 2, 17, 10, N'What is your answer to T2C5Q17?')
INSERT [dbo].[question] ([questionId], [typeId], [questionNo], [categoryId], [question]) VALUES (33, 2, 18, 10, N'What is your answer to T2C5Q18?')
INSERT [dbo].[question] ([questionId], [typeId], [questionNo], [categoryId], [question]) VALUES (34, 2, 19, 10, N'What is your answer to T2C5Q19?')
INSERT [dbo].[question] ([questionId], [typeId], [questionNo], [categoryId], [question]) VALUES (35, 2, 20, 10, N'What is your answer to T2C5Q20?')
INSERT [dbo].[question] ([questionId], [typeId], [questionNo], [categoryId], [question]) VALUES (36, 2, 21, 11, N'What is your answer to T2C6Q21?')
INSERT [dbo].[question] ([questionId], [typeId], [questionNo], [categoryId], [question]) VALUES (37, 2, 22, 11, N'What is your answer to T2C6Q22?')
INSERT [dbo].[question] ([questionId], [typeId], [questionNo], [categoryId], [question]) VALUES (38, 2, 23, 11, N'What is your answer to T2C6Q23?')
INSERT [dbo].[question] ([questionId], [typeId], [questionNo], [categoryId], [question]) VALUES (39, 2, 24, 11, N'What is your answer to T2C6Q24?')
INSERT [dbo].[question] ([questionId], [typeId], [questionNo], [categoryId], [question]) VALUES (40, 2, 25, 12, N'What is your answer to T2C7Q25?')
INSERT [dbo].[question] ([questionId], [typeId], [questionNo], [categoryId], [question]) VALUES (41, 2, 26, 12, N'What is your answer to T2C7Q26?')
INSERT [dbo].[question] ([questionId], [typeId], [questionNo], [categoryId], [question]) VALUES (42, 2, 27, 12, N'What is your answer to T2C7Q27?')
INSERT [dbo].[question] ([questionId], [typeId], [questionNo], [categoryId], [question]) VALUES (43, 2, 28, 12, N'What is your answer to T2C7Q28?')
SET IDENTITY_INSERT [dbo].[question] OFF
SET IDENTITY_INSERT [dbo].[cohort] ON 

INSERT [dbo].[cohort] ([cohortId], [cohortName]) VALUES (1, N'cohort-1')
INSERT [dbo].[cohort] ([cohortId], [cohortName]) VALUES (2, N'cohort-2')
INSERT [dbo].[cohort] ([cohortId], [cohortName]) VALUES (3, N'cohort-3')
SET IDENTITY_INSERT [dbo].[cohort] OFF
SET IDENTITY_INSERT [dbo].[employee] ON 

INSERT [dbo].[employee] ([employeeId], [firstName], [lastName], [streetAddress], [city], [state], [zipcode], [contactPhone], [emailAddress], [password], [isAdmin], [cohortId], [supervisorId]) VALUES (1, N'Dawn', N'EMP-1', N'2383 Sit Road', N'Holywell', N'NY', N'E0Z 9B3', N'533-544-4004', N'emp1@westga.edu', N'emp1', 0, 1, NULL)
INSERT [dbo].[employee] ([employeeId], [firstName], [lastName], [streetAddress], [city], [state], [zipcode], [contactPhone], [emailAddress], [password], [isAdmin], [cohortId], [supervisorId]) VALUES (2, N'Alexander', N'EMP-2', N'Ap #753-7773 Ut, Av.', N'Norfolk', N'PA', N'5424SL', N'758-270-8261', N'emp2@westga.edu', N'emp2', 0, 1, 1)
INSERT [dbo].[employee] ([employeeId], [firstName], [lastName], [streetAddress], [city], [state], [zipcode], [contactPhone], [emailAddress], [password], [isAdmin], [cohortId], [supervisorId]) VALUES (3, N'Guinevere', N'EMP-3', N'Ap #291-9381 Integer Avenue', N'Bonnyville', N'NJ', N'5054', N'772-538-7386', N'emp3@westga.edu', N'emp3', 0, 1, 2)
INSERT [dbo].[employee] ([employeeId], [firstName], [lastName], [streetAddress], [city], [state], [zipcode], [contactPhone], [emailAddress], [password], [isAdmin], [cohortId], [supervisorId]) VALUES (4, N'Jenna', N'EMP-4', N'810 Pede St.', N'Florida', N'PA', N'616578', N'501-481-4796', N'emp4@westga.edu', N'emp4', 0, 1, NULL)
INSERT [dbo].[employee] ([employeeId], [firstName], [lastName], [streetAddress], [city], [state], [zipcode], [contactPhone], [emailAddress], [password], [isAdmin], [cohortId], [supervisorId]) VALUES (5, N'Debra', N'EMP-5', N'528-499 Tincidunt Av.', N'Onze-Lieve-Vrouw-Lombeek', N'PA', N'135248', N'624-955-4061', N'emp5@westga.edu', N'emp5', 0, 1, NULL)
INSERT [dbo].[employee] ([employeeId], [firstName], [lastName], [streetAddress], [city], [state], [zipcode], [contactPhone], [emailAddress], [password], [isAdmin], [cohortId], [supervisorId]) VALUES (6, N'Yolanda', N'EMP-6', N'9614 Augue. St.', N'Beaumont', N'PA', N'878181', N'932-453-4363', N'emp6@westga.edu', N'emp6', 0, 1, NULL)
INSERT [dbo].[employee] ([employeeId], [firstName], [lastName], [streetAddress], [city], [state], [zipcode], [contactPhone], [emailAddress], [password], [isAdmin], [cohortId], [supervisorId]) VALUES (7, N'Clementine', N'EMP-7', N'Ap #340-8741 Pharetra Rd.', N'Cognelee', N'PA', N'2821', N'404-697-8149', N'emp7@westga.edu', N'emp7', 0, 1, NULL)
INSERT [dbo].[employee] ([employeeId], [firstName], [lastName], [streetAddress], [city], [state], [zipcode], [contactPhone], [emailAddress], [password], [isAdmin], [cohortId], [supervisorId]) VALUES (8, N'Chancellor', N'EMP-8', N'4619 Vel Avenue', N'Hualane', N'NY', N'189376', N'429-326-8985', N'emp8@westga.edu', N'emp8', 0, 1, NULL)
INSERT [dbo].[employee] ([employeeId], [firstName], [lastName], [streetAddress], [city], [state], [zipcode], [contactPhone], [emailAddress], [password], [isAdmin], [cohortId], [supervisorId]) VALUES (9, N'Richard', N'EMP-9', N'7208 Auctor Street', N'Zeveneken', N'NY', N'880517', N'461-251-9027', N'emp9@westga.edu', N'emp9', 0, 1, NULL)
INSERT [dbo].[employee] ([employeeId], [firstName], [lastName], [streetAddress], [city], [state], [zipcode], [contactPhone], [emailAddress], [password], [isAdmin], [cohortId], [supervisorId]) VALUES (10, N'Lucius', N'EMP-10', N'P.O. Box 703, 1609 Mus. Rd.', N'Valleyview', N'NY', N'66615', N'945-305-0638', N'emp10@westga.edu', N'emp10', 0, 1, NULL)
INSERT [dbo].[employee] ([employeeId], [firstName], [lastName], [streetAddress], [city], [state], [zipcode], [contactPhone], [emailAddress], [password], [isAdmin], [cohortId], [supervisorId]) VALUES (11, N'Xyla', N'EMP-11', N'P.O. Box 627, 6888 Rutrum St.', N'Hampstead', N'NJ', N'V7W 6P0', N'846-313-4707', N'emp11@westga.edu', N'emp11', 0, 2, NULL)
INSERT [dbo].[employee] ([employeeId], [firstName], [lastName], [streetAddress], [city], [state], [zipcode], [contactPhone], [emailAddress], [password], [isAdmin], [cohortId], [supervisorId]) VALUES (12, N'Olga', N'EMP-12', N'P.O. Box 864, 1647 Sollicitudin Rd.', N'Coalhurst', N'PA', N'6045', N'545-712-5011', N'emp12@westga.edu', N'emp12', 0, 2, 11)
INSERT [dbo].[employee] ([employeeId], [firstName], [lastName], [streetAddress], [city], [state], [zipcode], [contactPhone], [emailAddress], [password], [isAdmin], [cohortId], [supervisorId]) VALUES (13, N'Denton', N'EMP-13', N'609-5789 Orci St.', N'Saint-Denis-Bovesse', N'PA', N'31066', N'115-885-4805', N'emp13@westga.edu', N'emp13', 0, 2, 12)
INSERT [dbo].[employee] ([employeeId], [firstName], [lastName], [streetAddress], [city], [state], [zipcode], [contactPhone], [emailAddress], [password], [isAdmin], [cohortId], [supervisorId]) VALUES (14, N'Elvis', N'EMP-14', N'4813 Quam, Ave', N'San Clemente', N'NJ', N'93695', N'551-152-2687', N'emp14@westga.edu', N'emp14', 0, 2, NULL)
INSERT [dbo].[employee] ([employeeId], [firstName], [lastName], [streetAddress], [city], [state], [zipcode], [contactPhone], [emailAddress], [password], [isAdmin], [cohortId], [supervisorId]) VALUES (15, N'Dean', N'EMP-15', N'P.O. Box 611, 1339 Blandit St.', N'Bergen Mons', N'NJ', N'9511', N'322-249-5713', N'emp15@westga.edu', N'emp15', 0, 2, NULL)
INSERT [dbo].[employee] ([employeeId], [firstName], [lastName], [streetAddress], [city], [state], [zipcode], [contactPhone], [emailAddress], [password], [isAdmin], [cohortId], [supervisorId]) VALUES (16, N'Caesar', N'EMP-16', N'283-3286 Sed, Avenue', N'Frankfort', N'VA', N'9498', N'462-182-6052', N'emp16@westga.edu', N'emp16', 0, 2, NULL)
INSERT [dbo].[employee] ([employeeId], [firstName], [lastName], [streetAddress], [city], [state], [zipcode], [contactPhone], [emailAddress], [password], [isAdmin], [cohortId], [supervisorId]) VALUES (17, N'Noelle', N'EMP-17', N'P.O. Box 653, 2238 Id Rd.', N'Juseret', N'VA', N'72332', N'687-133-9478', N'emp17@westga.edu', N'emp17', 0, 2, NULL)
INSERT [dbo].[employee] ([employeeId], [firstName], [lastName], [streetAddress], [city], [state], [zipcode], [contactPhone], [emailAddress], [password], [isAdmin], [cohortId], [supervisorId]) VALUES (18, N'Lawrence', N'EMP-18', N'713-2234 Dolor. Ave', N'Galmaarden', N'VA', N'04-602', N'240-556-5761', N'emp18@westga.edu', N'emp18', 0, 2, NULL)
INSERT [dbo].[employee] ([employeeId], [firstName], [lastName], [streetAddress], [city], [state], [zipcode], [contactPhone], [emailAddress], [password], [isAdmin], [cohortId], [supervisorId]) VALUES (19, N'Shelly', N'EMP-19', N'717-5966 Diam Rd.', N'Gentbrugge', N'PA', N'V5K 1Z1', N'849-495-6260', N'emp19@westga.edu', N'emp19', 0, 2, NULL)
INSERT [dbo].[employee] ([employeeId], [firstName], [lastName], [streetAddress], [city], [state], [zipcode], [contactPhone], [emailAddress], [password], [isAdmin], [cohortId], [supervisorId]) VALUES (20, N'Axel', N'EMP-20', N'9865 Donec Ave', N'Paillaco', N'NY', N'12872', N'502-330-2542', N'emp20@westga.edu', N'emp20', 0, 2, NULL)
INSERT [dbo].[employee] ([employeeId], [firstName], [lastName], [streetAddress], [city], [state], [zipcode], [contactPhone], [emailAddress], [password], [isAdmin], [cohortId], [supervisorId]) VALUES (21, N'Cyrus', N'EMP-21', N'378-7286 Est Street', N'Ripacandida', N'VA', N'2682', N'392-481-1634', N'emp21@westga.edu', N'emp21', 0, 3, NULL)
INSERT [dbo].[employee] ([employeeId], [firstName], [lastName], [streetAddress], [city], [state], [zipcode], [contactPhone], [emailAddress], [password], [isAdmin], [cohortId], [supervisorId]) VALUES (22, N'Jaime', N'EMP-22', N'Ap #677-6081 Mauris St.', N'St. Austell', N'PA', N'5240', N'236-155-2779', N'emp22@westga.edu', N'emp22', 0, 3, NULL)
INSERT [dbo].[employee] ([employeeId], [firstName], [lastName], [streetAddress], [city], [state], [zipcode], [contactPhone], [emailAddress], [password], [isAdmin], [cohortId], [supervisorId]) VALUES (23, N'Imelda', N'EMP-23', N'Ap #541-9599 Luctus St.', N'Swindon', N'NY', N'84317', N'910-203-5890', N'emp23@westga.edu', N'emp23', 0, 3, NULL)
INSERT [dbo].[employee] ([employeeId], [firstName], [lastName], [streetAddress], [city], [state], [zipcode], [contactPhone], [emailAddress], [password], [isAdmin], [cohortId], [supervisorId]) VALUES (24, N'Joelle', N'EMP-24', N'4588 Sem St.', N'Duluth', N'VA', N'91-933', N'884-346-3612', N'emp24@westga.edu', N'emp24', 0, 3, NULL)
INSERT [dbo].[employee] ([employeeId], [firstName], [lastName], [streetAddress], [city], [state], [zipcode], [contactPhone], [emailAddress], [password], [isAdmin], [cohortId], [supervisorId]) VALUES (25, N'Shay', N'EMP-25', N'P.O. Box 570, 6878 Quisque Rd.', N'Vosselaar', N'NJ', N'24-730', N'896-995-2113', N'emp25@westga.edu', N'emp25', 0, 3, NULL)
INSERT [dbo].[employee] ([employeeId], [firstName], [lastName], [streetAddress], [city], [state], [zipcode], [contactPhone], [emailAddress], [password], [isAdmin], [cohortId], [supervisorId]) VALUES (26, N'Brent', N'EMP-26', N'396-5153 Ipsum. Av.', N'Itabuna', N'PA', N'225424', N'463-157-7964', N'emp26@westga.edu', N'emp26', 0, 3, NULL)
INSERT [dbo].[employee] ([employeeId], [firstName], [lastName], [streetAddress], [city], [state], [zipcode], [contactPhone], [emailAddress], [password], [isAdmin], [cohortId], [supervisorId]) VALUES (27, N'Shana', N'EMP-27', N'929-8987 Phasellus St.', N'Cumberland County', N'PA', N'620649', N'608-712-3145', N'emp27@westga.edu', N'emp27', 0, 3, NULL)
INSERT [dbo].[employee] ([employeeId], [firstName], [lastName], [streetAddress], [city], [state], [zipcode], [contactPhone], [emailAddress], [password], [isAdmin], [cohortId], [supervisorId]) VALUES (28, N'Paula', N'EMP-28', N'9767 Nunc Ave', N'Giugliano in Campania', N'PA', N'1482', N'755-242-8119', N'emp28@westga.edu', N'emp28', 0, 3, NULL)
INSERT [dbo].[employee] ([employeeId], [firstName], [lastName], [streetAddress], [city], [state], [zipcode], [contactPhone], [emailAddress], [password], [isAdmin], [cohortId], [supervisorId]) VALUES (29, N'Trevor', N'EMP-29', N'Ap #913-8218 Pede. Rd.', N'Opglabbeek', N'NY', N'J5 4JB', N'695-791-2062', N'emp29@westga.edu', N'emp29', 0, 3, NULL)
INSERT [dbo].[employee] ([employeeId], [firstName], [lastName], [streetAddress], [city], [state], [zipcode], [contactPhone], [emailAddress], [password], [isAdmin], [cohortId], [supervisorId]) VALUES (30, N'Tamara', N'EMP-30', N'Ap #791-8237 Ultrices. St.', N'Bolinne', N'NJ', N'04995', N'348-988-3862', N'emp30@westga.edu', N'emp30', 0, 3, NULL)
INSERT [dbo].[employee] ([employeeId], [firstName], [lastName], [streetAddress], [city], [state], [zipcode], [contactPhone], [emailAddress], [password], [isAdmin], [cohortId], [supervisorId]) VALUES (31, N'Wallace', N'EMP-31', N'9341 Adipiscing Rd.', N'Vaughan', N'PA', N'00691', N'460-343-7696', N'emp31@westga.edu', N'emp31', 0, NULL, NULL)
INSERT [dbo].[employee] ([employeeId], [firstName], [lastName], [streetAddress], [city], [state], [zipcode], [contactPhone], [emailAddress], [password], [isAdmin], [cohortId], [supervisorId]) VALUES (32, N'Jescie', N'EMP-32', N'Ap #187-7685 Sem St.', N'Lagos', N'PA', N'60801', N'516-241-7336', N'emp32@westga.edu', N'emp32', 0, NULL, NULL)
INSERT [dbo].[employee] ([employeeId], [firstName], [lastName], [streetAddress], [city], [state], [zipcode], [contactPhone], [emailAddress], [password], [isAdmin], [cohortId], [supervisorId]) VALUES (33, N'Darius', N'EMP-33', N'551-951 Lectus St.', N'Sterrebeek', N'NY', N'M8P 4J2', N'225-438-4552', N'emp33@westga.edu', N'emp33', 0, NULL, NULL)
INSERT [dbo].[employee] ([employeeId], [firstName], [lastName], [streetAddress], [city], [state], [zipcode], [contactPhone], [emailAddress], [password], [isAdmin], [cohortId], [supervisorId]) VALUES (34, N'Elaine', N'EMP-34', N'Ap #206-6843 Sed Rd.', N'Halkirk', N'NY', N'85393', N'342-780-9384', N'emp34@westga.edu', N'emp34', 0, NULL, NULL)
INSERT [dbo].[employee] ([employeeId], [firstName], [lastName], [streetAddress], [city], [state], [zipcode], [contactPhone], [emailAddress], [password], [isAdmin], [cohortId], [supervisorId]) VALUES (35, N'India', N'EMP-35', N'P.O. Box 540, 9723 Erat. Rd.', N'Guirsch', N'PA', N'G42 0JK', N'764-520-4424', N'emp35@westga.edu', N'emp35', 0, NULL, NULL)
INSERT [dbo].[employee] ([employeeId], [firstName], [lastName], [streetAddress], [city], [state], [zipcode], [contactPhone], [emailAddress], [password], [isAdmin], [cohortId], [supervisorId]) VALUES (36, N'Jael', N'EMP-36', N'3703 Pharetra Av.', N'Pelotas', N'NJ', N'30896', N'434-711-5287', N'emp36@westga.edu', N'emp36', 0, NULL, NULL)
INSERT [dbo].[employee] ([employeeId], [firstName], [lastName], [streetAddress], [city], [state], [zipcode], [contactPhone], [emailAddress], [password], [isAdmin], [cohortId], [supervisorId]) VALUES (37, N'Cherokee', N'EMP-37', N'785-7529 Sit Street', N'Belem', N'VA', N'8434', N'988-345-2425', N'emp37@westga.edu', N'emp37', 0, NULL, NULL)
INSERT [dbo].[employee] ([employeeId], [firstName], [lastName], [streetAddress], [city], [state], [zipcode], [contactPhone], [emailAddress], [password], [isAdmin], [cohortId], [supervisorId]) VALUES (38, N'Quintessa', N'EMP-38', N'Ap #433-7609 Euismod Rd.', N'Eisleben', N'PA', N'199656', N'190-949-5044', N'emp38@westga.edu', N'emp38', 0, NULL, NULL)
INSERT [dbo].[employee] ([employeeId], [firstName], [lastName], [streetAddress], [city], [state], [zipcode], [contactPhone], [emailAddress], [password], [isAdmin], [cohortId], [supervisorId]) VALUES (39, N'Galena', N'EMP-39', N'481-1409 At Avenue', N'Sete', N'VA', N'6943', N'521-421-4921', N'emp39@westga.edu', N'emp39', 0, NULL, NULL)
INSERT [dbo].[employee] ([employeeId], [firstName], [lastName], [streetAddress], [city], [state], [zipcode], [contactPhone], [emailAddress], [password], [isAdmin], [cohortId], [supervisorId]) VALUES (40, N'Desirae', N'EMP-40', N'5180 Facilisis Rd.', N'Sherborne', N'NY', N'20229', N'775-613-5678', N'emp40@westga.edu', N'emp40', 0, NULL, NULL)
INSERT [dbo].[employee] ([employeeId], [firstName], [lastName], [streetAddress], [city], [state], [zipcode], [contactPhone], [emailAddress], [password], [isAdmin], [cohortId], [supervisorId]) VALUES (41, N'Doris', N'ADMIN-1', N'Ap #325-3791 Ultrices, Road', N'Castiglione del Lago', N'PA', N'Y1S 5V1', N'203-953-1171', N'admin1@westga.edu', N'admin1', 1, NULL, NULL)
INSERT [dbo].[employee] ([employeeId], [firstName], [lastName], [streetAddress], [city], [state], [zipcode], [contactPhone], [emailAddress], [password], [isAdmin], [cohortId], [supervisorId]) VALUES (42, N'Phoebe', N'ADMIN-2', N'Ap #324-3230 Sit Street', N'Farrukhabad-cum-Fatehgarh', N'NY', N'39383', N'983-285-6186', N'admin2@westga.edu', N'admin2', 1, NULL, NULL)
SET IDENTITY_INSERT [dbo].[employee] OFF
SET IDENTITY_INSERT [dbo].[stage] ON 

INSERT [dbo].[stage] ([stageId], [stageName]) VALUES (1, N'stage-1')
INSERT [dbo].[stage] ([stageId], [stageName]) VALUES (2, N'stage-2')
INSERT [dbo].[stage] ([stageId], [stageName]) VALUES (3, N'stage-3')
SET IDENTITY_INSERT [dbo].[stage] OFF
SET IDENTITY_INSERT [dbo].[evaluation_schedule] ON 

INSERT [dbo].[evaluation_schedule] ([scheduleId], [cohortId], [typeId], [stageId], [startDate], [endDate]) VALUES (1, 1, 1, 1, CAST(N'2014-01-01' AS Date), CAST(N'2014-12-31' AS Date))
INSERT [dbo].[evaluation_schedule] ([scheduleId], [cohortId], [typeId], [stageId], [startDate], [endDate]) VALUES (2, 1, 1, 2, CAST(N'2014-01-01' AS Date), CAST(N'2014-12-31' AS Date))
INSERT [dbo].[evaluation_schedule] ([scheduleId], [cohortId], [typeId], [stageId], [startDate], [endDate]) VALUES (3, 1, 1, 3, CAST(N'2014-01-01' AS Date), CAST(N'2014-12-31' AS Date))
INSERT [dbo].[evaluation_schedule] ([scheduleId], [cohortId], [typeId], [stageId], [startDate], [endDate]) VALUES (4, 1, 2, 3, CAST(N'2014-01-01' AS Date), CAST(N'2014-12-31' AS Date))
SET IDENTITY_INSERT [dbo].[evaluation_schedule] OFF
SET IDENTITY_INSERT [dbo].[role] ON 

INSERT [dbo].[role] ([roleId], [roleName]) VALUES (1, N'1:Self')
INSERT [dbo].[role] ([roleId], [roleName]) VALUES (2, N'2:Supervisor')
INSERT [dbo].[role] ([roleId], [roleName]) VALUES (3, N'3:Co-Worker')
SET IDENTITY_INSERT [dbo].[role] OFF
SET IDENTITY_INSERT [dbo].[evaluations] ON 

INSERT [dbo].[evaluations] ([evaluationId], [employeeId], [typeId], [stageId], [evaluator], [roleId], [completionDate]) VALUES (1, 1, 1, 1, 1, 1, CAST(N'2014-02-28 00:00:00.000' AS DateTime))
INSERT [dbo].[evaluations] ([evaluationId], [employeeId], [typeId], [stageId], [evaluator], [roleId], [completionDate]) VALUES (2, 1, 1, 1, 2, 2, CAST(N'2014-02-28 00:00:00.000' AS DateTime))
INSERT [dbo].[evaluations] ([evaluationId], [employeeId], [typeId], [stageId], [evaluator], [roleId], [completionDate]) VALUES (3, 1, 1, 1, 3, 3, CAST(N'2014-02-28 00:00:00.000' AS DateTime))
INSERT [dbo].[evaluations] ([evaluationId], [employeeId], [typeId], [stageId], [evaluator], [roleId], [completionDate]) VALUES (4, 1, 1, 2, 1, 1, CAST(N'2015-02-28 00:00:00.000' AS DateTime))
INSERT [dbo].[evaluations] ([evaluationId], [employeeId], [typeId], [stageId], [evaluator], [roleId], [completionDate]) VALUES (5, 1, 1, 2, 2, 2, CAST(N'2015-02-28 00:00:00.000' AS DateTime))
INSERT [dbo].[evaluations] ([evaluationId], [employeeId], [typeId], [stageId], [evaluator], [roleId], [completionDate]) VALUES (6, 1, 1, 2, 3, 3, CAST(N'2015-02-28 00:00:00.000' AS DateTime))
INSERT [dbo].[evaluations] ([evaluationId], [employeeId], [typeId], [stageId], [evaluator], [roleId], [completionDate]) VALUES (7, 1, 1, 3, 1, 1, NULL)
INSERT [dbo].[evaluations] ([evaluationId], [employeeId], [typeId], [stageId], [evaluator], [roleId], [completionDate]) VALUES (8, 1, 1, 3, 2, 2, NULL)
INSERT [dbo].[evaluations] ([evaluationId], [employeeId], [typeId], [stageId], [evaluator], [roleId], [completionDate]) VALUES (9, 1, 1, 3, 3, 3, NULL)
INSERT [dbo].[evaluations] ([evaluationId], [employeeId], [typeId], [stageId], [evaluator], [roleId], [completionDate]) VALUES (10, 2, 1, 1, 2, 1, CAST(N'2014-02-28 00:00:00.000' AS DateTime))
INSERT [dbo].[evaluations] ([evaluationId], [employeeId], [typeId], [stageId], [evaluator], [roleId], [completionDate]) VALUES (11, 2, 1, 1, 3, 2, CAST(N'2014-02-28 00:00:00.000' AS DateTime))
INSERT [dbo].[evaluations] ([evaluationId], [employeeId], [typeId], [stageId], [evaluator], [roleId], [completionDate]) VALUES (12, 2, 1, 1, 4, 3, CAST(N'2014-02-28 00:00:00.000' AS DateTime))
INSERT [dbo].[evaluations] ([evaluationId], [employeeId], [typeId], [stageId], [evaluator], [roleId], [completionDate]) VALUES (13, 2, 1, 2, 2, 1, CAST(N'2015-02-28 00:00:00.000' AS DateTime))
INSERT [dbo].[evaluations] ([evaluationId], [employeeId], [typeId], [stageId], [evaluator], [roleId], [completionDate]) VALUES (14, 2, 1, 2, 3, 2, CAST(N'2015-02-28 00:00:00.000' AS DateTime))
INSERT [dbo].[evaluations] ([evaluationId], [employeeId], [typeId], [stageId], [evaluator], [roleId], [completionDate]) VALUES (15, 2, 1, 2, 4, 3, CAST(N'2015-02-28 00:00:00.000' AS DateTime))
INSERT [dbo].[evaluations] ([evaluationId], [employeeId], [typeId], [stageId], [evaluator], [roleId], [completionDate]) VALUES (16, 2, 1, 3, 2, 1, NULL)
INSERT [dbo].[evaluations] ([evaluationId], [employeeId], [typeId], [stageId], [evaluator], [roleId], [completionDate]) VALUES (17, 2, 1, 3, 3, 2, NULL)
INSERT [dbo].[evaluations] ([evaluationId], [employeeId], [typeId], [stageId], [evaluator], [roleId], [completionDate]) VALUES (18, 2, 1, 3, 4, 3, NULL)
INSERT [dbo].[evaluations] ([evaluationId], [employeeId], [typeId], [stageId], [evaluator], [roleId], [completionDate]) VALUES (19, 11, 2, 1, 11, 1, NULL)
INSERT [dbo].[evaluations] ([evaluationId], [employeeId], [typeId], [stageId], [evaluator], [roleId], [completionDate]) VALUES (20, 11, 2, 1, 12, 2, NULL)
INSERT [dbo].[evaluations] ([evaluationId], [employeeId], [typeId], [stageId], [evaluator], [roleId], [completionDate]) VALUES (21, 11, 2, 1, 13, 3, NULL)
INSERT [dbo].[evaluations] ([evaluationId], [employeeId], [typeId], [stageId], [evaluator], [roleId], [completionDate]) VALUES (22, 12, 2, 1, 12, 1, NULL)
INSERT [dbo].[evaluations] ([evaluationId], [employeeId], [typeId], [stageId], [evaluator], [roleId], [completionDate]) VALUES (23, 12, 2, 1, 13, 2, NULL)
INSERT [dbo].[evaluations] ([evaluationId], [employeeId], [typeId], [stageId], [evaluator], [roleId], [completionDate]) VALUES (24, 12, 2, 1, 14, 3, NULL)
SET IDENTITY_INSERT [dbo].[evaluations] OFF
SET IDENTITY_INSERT [dbo].[answer] ON 

INSERT [dbo].[answer] ([answerId], [evaluationId], [questionId], [answer]) VALUES (1, 1, 1, 3)
INSERT [dbo].[answer] ([answerId], [evaluationId], [questionId], [answer]) VALUES (2, 1, 2, 1)
INSERT [dbo].[answer] ([answerId], [evaluationId], [questionId], [answer]) VALUES (3, 1, 3, 4)
INSERT [dbo].[answer] ([answerId], [evaluationId], [questionId], [answer]) VALUES (4, 1, 4, 5)
INSERT [dbo].[answer] ([answerId], [evaluationId], [questionId], [answer]) VALUES (5, 1, 5, 3)
INSERT [dbo].[answer] ([answerId], [evaluationId], [questionId], [answer]) VALUES (6, 1, 6, 5)
INSERT [dbo].[answer] ([answerId], [evaluationId], [questionId], [answer]) VALUES (7, 1, 7, 2)
INSERT [dbo].[answer] ([answerId], [evaluationId], [questionId], [answer]) VALUES (8, 1, 8, 2)
INSERT [dbo].[answer] ([answerId], [evaluationId], [questionId], [answer]) VALUES (9, 1, 9, 2)
INSERT [dbo].[answer] ([answerId], [evaluationId], [questionId], [answer]) VALUES (10, 1, 10, 2)
INSERT [dbo].[answer] ([answerId], [evaluationId], [questionId], [answer]) VALUES (11, 1, 11, 3)
INSERT [dbo].[answer] ([answerId], [evaluationId], [questionId], [answer]) VALUES (12, 1, 12, 4)
INSERT [dbo].[answer] ([answerId], [evaluationId], [questionId], [answer]) VALUES (13, 1, 13, 5)
INSERT [dbo].[answer] ([answerId], [evaluationId], [questionId], [answer]) VALUES (14, 1, 14, 2)
INSERT [dbo].[answer] ([answerId], [evaluationId], [questionId], [answer]) VALUES (15, 1, 15, 4)
INSERT [dbo].[answer] ([answerId], [evaluationId], [questionId], [answer]) VALUES (16, 2, 1, 5)
INSERT [dbo].[answer] ([answerId], [evaluationId], [questionId], [answer]) VALUES (17, 2, 2, 3)
INSERT [dbo].[answer] ([answerId], [evaluationId], [questionId], [answer]) VALUES (18, 2, 3, 4)
INSERT [dbo].[answer] ([answerId], [evaluationId], [questionId], [answer]) VALUES (19, 2, 4, 2)
INSERT [dbo].[answer] ([answerId], [evaluationId], [questionId], [answer]) VALUES (20, 2, 5, 3)
INSERT [dbo].[answer] ([answerId], [evaluationId], [questionId], [answer]) VALUES (21, 2, 6, 5)
INSERT [dbo].[answer] ([answerId], [evaluationId], [questionId], [answer]) VALUES (22, 2, 7, 1)
INSERT [dbo].[answer] ([answerId], [evaluationId], [questionId], [answer]) VALUES (23, 2, 8, 1)
INSERT [dbo].[answer] ([answerId], [evaluationId], [questionId], [answer]) VALUES (24, 2, 9, 5)
INSERT [dbo].[answer] ([answerId], [evaluationId], [questionId], [answer]) VALUES (25, 2, 10, 2)
INSERT [dbo].[answer] ([answerId], [evaluationId], [questionId], [answer]) VALUES (26, 2, 11, 1)
INSERT [dbo].[answer] ([answerId], [evaluationId], [questionId], [answer]) VALUES (27, 2, 12, 1)
INSERT [dbo].[answer] ([answerId], [evaluationId], [questionId], [answer]) VALUES (28, 2, 13, 1)
INSERT [dbo].[answer] ([answerId], [evaluationId], [questionId], [answer]) VALUES (29, 2, 14, 2)
INSERT [dbo].[answer] ([answerId], [evaluationId], [questionId], [answer]) VALUES (30, 2, 15, 3)
INSERT [dbo].[answer] ([answerId], [evaluationId], [questionId], [answer]) VALUES (31, 3, 1, 4)
INSERT [dbo].[answer] ([answerId], [evaluationId], [questionId], [answer]) VALUES (32, 3, 2, 5)
INSERT [dbo].[answer] ([answerId], [evaluationId], [questionId], [answer]) VALUES (33, 3, 3, 4)
INSERT [dbo].[answer] ([answerId], [evaluationId], [questionId], [answer]) VALUES (34, 3, 4, 1)
INSERT [dbo].[answer] ([answerId], [evaluationId], [questionId], [answer]) VALUES (35, 3, 5, 5)
INSERT [dbo].[answer] ([answerId], [evaluationId], [questionId], [answer]) VALUES (36, 3, 6, 2)
INSERT [dbo].[answer] ([answerId], [evaluationId], [questionId], [answer]) VALUES (37, 3, 7, 2)
INSERT [dbo].[answer] ([answerId], [evaluationId], [questionId], [answer]) VALUES (38, 3, 8, 2)
INSERT [dbo].[answer] ([answerId], [evaluationId], [questionId], [answer]) VALUES (39, 3, 9, 2)
INSERT [dbo].[answer] ([answerId], [evaluationId], [questionId], [answer]) VALUES (40, 3, 10, 2)
INSERT [dbo].[answer] ([answerId], [evaluationId], [questionId], [answer]) VALUES (41, 3, 11, 3)
INSERT [dbo].[answer] ([answerId], [evaluationId], [questionId], [answer]) VALUES (42, 3, 12, 3)
INSERT [dbo].[answer] ([answerId], [evaluationId], [questionId], [answer]) VALUES (43, 3, 13, 5)
INSERT [dbo].[answer] ([answerId], [evaluationId], [questionId], [answer]) VALUES (44, 3, 14, 1)
INSERT [dbo].[answer] ([answerId], [evaluationId], [questionId], [answer]) VALUES (45, 3, 15, 3)
INSERT [dbo].[answer] ([answerId], [evaluationId], [questionId], [answer]) VALUES (46, 4, 1, 4)
INSERT [dbo].[answer] ([answerId], [evaluationId], [questionId], [answer]) VALUES (47, 4, 2, 1)
INSERT [dbo].[answer] ([answerId], [evaluationId], [questionId], [answer]) VALUES (48, 4, 3, 2)
INSERT [dbo].[answer] ([answerId], [evaluationId], [questionId], [answer]) VALUES (49, 4, 4, 2)
INSERT [dbo].[answer] ([answerId], [evaluationId], [questionId], [answer]) VALUES (50, 4, 5, 2)
INSERT [dbo].[answer] ([answerId], [evaluationId], [questionId], [answer]) VALUES (51, 4, 6, 3)
INSERT [dbo].[answer] ([answerId], [evaluationId], [questionId], [answer]) VALUES (52, 4, 7, 3)
INSERT [dbo].[answer] ([answerId], [evaluationId], [questionId], [answer]) VALUES (53, 4, 8, 5)
INSERT [dbo].[answer] ([answerId], [evaluationId], [questionId], [answer]) VALUES (54, 4, 9, 1)
INSERT [dbo].[answer] ([answerId], [evaluationId], [questionId], [answer]) VALUES (55, 4, 10, 1)
INSERT [dbo].[answer] ([answerId], [evaluationId], [questionId], [answer]) VALUES (56, 4, 11, 3)
INSERT [dbo].[answer] ([answerId], [evaluationId], [questionId], [answer]) VALUES (57, 4, 12, 2)
INSERT [dbo].[answer] ([answerId], [evaluationId], [questionId], [answer]) VALUES (58, 4, 13, 2)
INSERT [dbo].[answer] ([answerId], [evaluationId], [questionId], [answer]) VALUES (59, 4, 14, 1)
INSERT [dbo].[answer] ([answerId], [evaluationId], [questionId], [answer]) VALUES (60, 4, 15, 1)
INSERT [dbo].[answer] ([answerId], [evaluationId], [questionId], [answer]) VALUES (61, 5, 1, 1)
INSERT [dbo].[answer] ([answerId], [evaluationId], [questionId], [answer]) VALUES (62, 5, 2, 3)
INSERT [dbo].[answer] ([answerId], [evaluationId], [questionId], [answer]) VALUES (63, 5, 3, 4)
INSERT [dbo].[answer] ([answerId], [evaluationId], [questionId], [answer]) VALUES (64, 5, 4, 3)
INSERT [dbo].[answer] ([answerId], [evaluationId], [questionId], [answer]) VALUES (65, 5, 5, 3)
INSERT [dbo].[answer] ([answerId], [evaluationId], [questionId], [answer]) VALUES (66, 5, 6, 3)
INSERT [dbo].[answer] ([answerId], [evaluationId], [questionId], [answer]) VALUES (67, 5, 7, 4)
INSERT [dbo].[answer] ([answerId], [evaluationId], [questionId], [answer]) VALUES (68, 5, 8, 4)
INSERT [dbo].[answer] ([answerId], [evaluationId], [questionId], [answer]) VALUES (69, 5, 9, 2)
INSERT [dbo].[answer] ([answerId], [evaluationId], [questionId], [answer]) VALUES (70, 5, 10, 1)
INSERT [dbo].[answer] ([answerId], [evaluationId], [questionId], [answer]) VALUES (71, 5, 11, 5)
INSERT [dbo].[answer] ([answerId], [evaluationId], [questionId], [answer]) VALUES (72, 5, 12, 2)
INSERT [dbo].[answer] ([answerId], [evaluationId], [questionId], [answer]) VALUES (73, 5, 13, 2)
INSERT [dbo].[answer] ([answerId], [evaluationId], [questionId], [answer]) VALUES (74, 5, 14, 2)
INSERT [dbo].[answer] ([answerId], [evaluationId], [questionId], [answer]) VALUES (75, 5, 15, 5)
INSERT [dbo].[answer] ([answerId], [evaluationId], [questionId], [answer]) VALUES (76, 6, 1, 2)
INSERT [dbo].[answer] ([answerId], [evaluationId], [questionId], [answer]) VALUES (77, 6, 2, 3)
INSERT [dbo].[answer] ([answerId], [evaluationId], [questionId], [answer]) VALUES (78, 6, 3, 3)
INSERT [dbo].[answer] ([answerId], [evaluationId], [questionId], [answer]) VALUES (79, 6, 4, 2)
INSERT [dbo].[answer] ([answerId], [evaluationId], [questionId], [answer]) VALUES (80, 6, 5, 1)
INSERT [dbo].[answer] ([answerId], [evaluationId], [questionId], [answer]) VALUES (81, 6, 6, 2)
INSERT [dbo].[answer] ([answerId], [evaluationId], [questionId], [answer]) VALUES (82, 6, 7, 5)
INSERT [dbo].[answer] ([answerId], [evaluationId], [questionId], [answer]) VALUES (83, 6, 8, 2)
INSERT [dbo].[answer] ([answerId], [evaluationId], [questionId], [answer]) VALUES (84, 6, 9, 3)
INSERT [dbo].[answer] ([answerId], [evaluationId], [questionId], [answer]) VALUES (85, 6, 10, 5)
INSERT [dbo].[answer] ([answerId], [evaluationId], [questionId], [answer]) VALUES (86, 6, 11, 1)
INSERT [dbo].[answer] ([answerId], [evaluationId], [questionId], [answer]) VALUES (87, 6, 12, 5)
INSERT [dbo].[answer] ([answerId], [evaluationId], [questionId], [answer]) VALUES (88, 6, 13, 2)
INSERT [dbo].[answer] ([answerId], [evaluationId], [questionId], [answer]) VALUES (89, 6, 14, 4)
INSERT [dbo].[answer] ([answerId], [evaluationId], [questionId], [answer]) VALUES (90, 6, 15, 2)
INSERT [dbo].[answer] ([answerId], [evaluationId], [questionId], [answer]) VALUES (91, 10, 1, 4)
INSERT [dbo].[answer] ([answerId], [evaluationId], [questionId], [answer]) VALUES (92, 10, 2, 1)
INSERT [dbo].[answer] ([answerId], [evaluationId], [questionId], [answer]) VALUES (93, 10, 3, 2)
INSERT [dbo].[answer] ([answerId], [evaluationId], [questionId], [answer]) VALUES (94, 10, 4, 5)
INSERT [dbo].[answer] ([answerId], [evaluationId], [questionId], [answer]) VALUES (95, 10, 5, 2)
INSERT [dbo].[answer] ([answerId], [evaluationId], [questionId], [answer]) VALUES (96, 10, 6, 2)
INSERT [dbo].[answer] ([answerId], [evaluationId], [questionId], [answer]) VALUES (97, 10, 7, 3)
INSERT [dbo].[answer] ([answerId], [evaluationId], [questionId], [answer]) VALUES (98, 10, 8, 3)
INSERT [dbo].[answer] ([answerId], [evaluationId], [questionId], [answer]) VALUES (99, 10, 9, 1)
GO
INSERT [dbo].[answer] ([answerId], [evaluationId], [questionId], [answer]) VALUES (100, 10, 10, 3)
INSERT [dbo].[answer] ([answerId], [evaluationId], [questionId], [answer]) VALUES (101, 10, 11, 5)
INSERT [dbo].[answer] ([answerId], [evaluationId], [questionId], [answer]) VALUES (102, 10, 12, 2)
INSERT [dbo].[answer] ([answerId], [evaluationId], [questionId], [answer]) VALUES (103, 10, 13, 5)
INSERT [dbo].[answer] ([answerId], [evaluationId], [questionId], [answer]) VALUES (104, 10, 14, 3)
INSERT [dbo].[answer] ([answerId], [evaluationId], [questionId], [answer]) VALUES (105, 10, 15, 4)
INSERT [dbo].[answer] ([answerId], [evaluationId], [questionId], [answer]) VALUES (106, 11, 1, 3)
INSERT [dbo].[answer] ([answerId], [evaluationId], [questionId], [answer]) VALUES (107, 11, 2, 5)
INSERT [dbo].[answer] ([answerId], [evaluationId], [questionId], [answer]) VALUES (108, 11, 3, 3)
INSERT [dbo].[answer] ([answerId], [evaluationId], [questionId], [answer]) VALUES (109, 11, 4, 1)
INSERT [dbo].[answer] ([answerId], [evaluationId], [questionId], [answer]) VALUES (110, 11, 5, 3)
INSERT [dbo].[answer] ([answerId], [evaluationId], [questionId], [answer]) VALUES (111, 11, 6, 3)
INSERT [dbo].[answer] ([answerId], [evaluationId], [questionId], [answer]) VALUES (112, 11, 7, 5)
INSERT [dbo].[answer] ([answerId], [evaluationId], [questionId], [answer]) VALUES (113, 11, 8, 3)
INSERT [dbo].[answer] ([answerId], [evaluationId], [questionId], [answer]) VALUES (114, 11, 9, 5)
INSERT [dbo].[answer] ([answerId], [evaluationId], [questionId], [answer]) VALUES (115, 11, 10, 4)
INSERT [dbo].[answer] ([answerId], [evaluationId], [questionId], [answer]) VALUES (116, 11, 11, 4)
INSERT [dbo].[answer] ([answerId], [evaluationId], [questionId], [answer]) VALUES (117, 11, 12, 5)
INSERT [dbo].[answer] ([answerId], [evaluationId], [questionId], [answer]) VALUES (118, 11, 13, 3)
INSERT [dbo].[answer] ([answerId], [evaluationId], [questionId], [answer]) VALUES (119, 11, 14, 5)
INSERT [dbo].[answer] ([answerId], [evaluationId], [questionId], [answer]) VALUES (120, 11, 15, 3)
INSERT [dbo].[answer] ([answerId], [evaluationId], [questionId], [answer]) VALUES (121, 12, 1, 4)
INSERT [dbo].[answer] ([answerId], [evaluationId], [questionId], [answer]) VALUES (122, 12, 2, 4)
INSERT [dbo].[answer] ([answerId], [evaluationId], [questionId], [answer]) VALUES (123, 12, 3, 2)
INSERT [dbo].[answer] ([answerId], [evaluationId], [questionId], [answer]) VALUES (124, 12, 4, 2)
INSERT [dbo].[answer] ([answerId], [evaluationId], [questionId], [answer]) VALUES (125, 12, 5, 2)
INSERT [dbo].[answer] ([answerId], [evaluationId], [questionId], [answer]) VALUES (126, 12, 6, 5)
INSERT [dbo].[answer] ([answerId], [evaluationId], [questionId], [answer]) VALUES (127, 12, 7, 3)
INSERT [dbo].[answer] ([answerId], [evaluationId], [questionId], [answer]) VALUES (128, 12, 8, 3)
INSERT [dbo].[answer] ([answerId], [evaluationId], [questionId], [answer]) VALUES (129, 12, 9, 3)
INSERT [dbo].[answer] ([answerId], [evaluationId], [questionId], [answer]) VALUES (130, 12, 10, 2)
INSERT [dbo].[answer] ([answerId], [evaluationId], [questionId], [answer]) VALUES (131, 12, 11, 5)
INSERT [dbo].[answer] ([answerId], [evaluationId], [questionId], [answer]) VALUES (132, 12, 12, 2)
INSERT [dbo].[answer] ([answerId], [evaluationId], [questionId], [answer]) VALUES (133, 12, 13, 2)
INSERT [dbo].[answer] ([answerId], [evaluationId], [questionId], [answer]) VALUES (134, 12, 14, 3)
INSERT [dbo].[answer] ([answerId], [evaluationId], [questionId], [answer]) VALUES (135, 12, 15, 1)
INSERT [dbo].[answer] ([answerId], [evaluationId], [questionId], [answer]) VALUES (136, 13, 1, 5)
INSERT [dbo].[answer] ([answerId], [evaluationId], [questionId], [answer]) VALUES (137, 13, 2, 5)
INSERT [dbo].[answer] ([answerId], [evaluationId], [questionId], [answer]) VALUES (138, 13, 3, 5)
INSERT [dbo].[answer] ([answerId], [evaluationId], [questionId], [answer]) VALUES (139, 13, 4, 5)
INSERT [dbo].[answer] ([answerId], [evaluationId], [questionId], [answer]) VALUES (140, 13, 5, 3)
INSERT [dbo].[answer] ([answerId], [evaluationId], [questionId], [answer]) VALUES (141, 13, 6, 3)
INSERT [dbo].[answer] ([answerId], [evaluationId], [questionId], [answer]) VALUES (142, 13, 7, 2)
INSERT [dbo].[answer] ([answerId], [evaluationId], [questionId], [answer]) VALUES (143, 13, 8, 2)
INSERT [dbo].[answer] ([answerId], [evaluationId], [questionId], [answer]) VALUES (144, 13, 9, 4)
INSERT [dbo].[answer] ([answerId], [evaluationId], [questionId], [answer]) VALUES (145, 13, 10, 1)
INSERT [dbo].[answer] ([answerId], [evaluationId], [questionId], [answer]) VALUES (146, 13, 11, 2)
INSERT [dbo].[answer] ([answerId], [evaluationId], [questionId], [answer]) VALUES (147, 13, 12, 5)
INSERT [dbo].[answer] ([answerId], [evaluationId], [questionId], [answer]) VALUES (148, 13, 13, 5)
INSERT [dbo].[answer] ([answerId], [evaluationId], [questionId], [answer]) VALUES (149, 13, 14, 3)
INSERT [dbo].[answer] ([answerId], [evaluationId], [questionId], [answer]) VALUES (150, 13, 15, 1)
INSERT [dbo].[answer] ([answerId], [evaluationId], [questionId], [answer]) VALUES (151, 14, 1, 4)
INSERT [dbo].[answer] ([answerId], [evaluationId], [questionId], [answer]) VALUES (152, 14, 2, 4)
INSERT [dbo].[answer] ([answerId], [evaluationId], [questionId], [answer]) VALUES (153, 14, 3, 1)
INSERT [dbo].[answer] ([answerId], [evaluationId], [questionId], [answer]) VALUES (154, 14, 4, 4)
INSERT [dbo].[answer] ([answerId], [evaluationId], [questionId], [answer]) VALUES (155, 14, 5, 2)
INSERT [dbo].[answer] ([answerId], [evaluationId], [questionId], [answer]) VALUES (156, 14, 6, 2)
INSERT [dbo].[answer] ([answerId], [evaluationId], [questionId], [answer]) VALUES (157, 14, 7, 2)
INSERT [dbo].[answer] ([answerId], [evaluationId], [questionId], [answer]) VALUES (158, 14, 8, 4)
INSERT [dbo].[answer] ([answerId], [evaluationId], [questionId], [answer]) VALUES (159, 14, 9, 5)
INSERT [dbo].[answer] ([answerId], [evaluationId], [questionId], [answer]) VALUES (160, 14, 10, 3)
INSERT [dbo].[answer] ([answerId], [evaluationId], [questionId], [answer]) VALUES (161, 14, 11, 4)
INSERT [dbo].[answer] ([answerId], [evaluationId], [questionId], [answer]) VALUES (162, 14, 12, 4)
INSERT [dbo].[answer] ([answerId], [evaluationId], [questionId], [answer]) VALUES (163, 14, 13, 3)
INSERT [dbo].[answer] ([answerId], [evaluationId], [questionId], [answer]) VALUES (164, 14, 14, 2)
INSERT [dbo].[answer] ([answerId], [evaluationId], [questionId], [answer]) VALUES (165, 14, 15, 2)
INSERT [dbo].[answer] ([answerId], [evaluationId], [questionId], [answer]) VALUES (166, 15, 1, 1)
INSERT [dbo].[answer] ([answerId], [evaluationId], [questionId], [answer]) VALUES (167, 15, 2, 4)
INSERT [dbo].[answer] ([answerId], [evaluationId], [questionId], [answer]) VALUES (168, 15, 3, 1)
INSERT [dbo].[answer] ([answerId], [evaluationId], [questionId], [answer]) VALUES (169, 15, 4, 3)
INSERT [dbo].[answer] ([answerId], [evaluationId], [questionId], [answer]) VALUES (170, 15, 5, 2)
INSERT [dbo].[answer] ([answerId], [evaluationId], [questionId], [answer]) VALUES (171, 15, 6, 3)
INSERT [dbo].[answer] ([answerId], [evaluationId], [questionId], [answer]) VALUES (172, 15, 7, 2)
INSERT [dbo].[answer] ([answerId], [evaluationId], [questionId], [answer]) VALUES (173, 15, 8, 3)
INSERT [dbo].[answer] ([answerId], [evaluationId], [questionId], [answer]) VALUES (174, 15, 9, 2)
INSERT [dbo].[answer] ([answerId], [evaluationId], [questionId], [answer]) VALUES (175, 15, 10, 1)
INSERT [dbo].[answer] ([answerId], [evaluationId], [questionId], [answer]) VALUES (176, 15, 11, 4)
INSERT [dbo].[answer] ([answerId], [evaluationId], [questionId], [answer]) VALUES (177, 15, 12, 2)
INSERT [dbo].[answer] ([answerId], [evaluationId], [questionId], [answer]) VALUES (178, 15, 13, 5)
INSERT [dbo].[answer] ([answerId], [evaluationId], [questionId], [answer]) VALUES (179, 15, 14, 4)
INSERT [dbo].[answer] ([answerId], [evaluationId], [questionId], [answer]) VALUES (180, 15, 15, 5)
INSERT [dbo].[answer] ([answerId], [evaluationId], [questionId], [answer]) VALUES (181, 16, 16, 9)
INSERT [dbo].[answer] ([answerId], [evaluationId], [questionId], [answer]) VALUES (182, 16, 17, 7)
INSERT [dbo].[answer] ([answerId], [evaluationId], [questionId], [answer]) VALUES (183, 16, 18, 1)
INSERT [dbo].[answer] ([answerId], [evaluationId], [questionId], [answer]) VALUES (184, 16, 19, 4)
INSERT [dbo].[answer] ([answerId], [evaluationId], [questionId], [answer]) VALUES (185, 16, 20, 10)
INSERT [dbo].[answer] ([answerId], [evaluationId], [questionId], [answer]) VALUES (186, 16, 21, 3)
INSERT [dbo].[answer] ([answerId], [evaluationId], [questionId], [answer]) VALUES (187, 16, 22, 9)
INSERT [dbo].[answer] ([answerId], [evaluationId], [questionId], [answer]) VALUES (188, 16, 23, 8)
INSERT [dbo].[answer] ([answerId], [evaluationId], [questionId], [answer]) VALUES (189, 16, 24, 10)
INSERT [dbo].[answer] ([answerId], [evaluationId], [questionId], [answer]) VALUES (190, 16, 25, 8)
SET IDENTITY_INSERT [dbo].[answer] OFF
